{
  "week": {
    "time_minutes": 0.03164597352345785,
    "success": false,
    "stdout_lines": 2,
    "stderr_lines": 112
  },
  "year": {
    "time_minutes": 0.02918014129002889,
    "success": false,
    "stdout_lines": 2,
    "stderr_lines": 112
  },
  "timestamp": "2025-08-12T18:27:37.733056"
}